sample-id	barcode-id	barcode-reverse	barcode-forward
#q2:types	categorical	categorical	categorical
ROV1-PET-Y-1-1	F01+R07	CAGATC	ATCACG
ROV1-PET-Y-2-1	F02+R07	CAGATC	CGATGT
ROV1-PET-Y-3-1	F03+R07	CAGATC	TTAGGC
ROV2-PET-Y-1-1	F04+R07	CAGATC	TGACCA
ROV2-PET-Y-2-1	F05+R07	CAGATC	ACAGTG
ROV2-PET-Y-3-1	F06+R07	CAGATC	GCCAAT
ROV1-PP-Y-1-1	F07+R07	CAGATC	CAGATC
ROV1-PP-Y-3-1	F08+R07	CAGATC	ACTTGA
ROV2-PP-Y-1-1	F01+R08	ACTTGA	ATCACG
ROV2-PP-Y-2-1	F02+R08	ACTTGA	CGATGT
ROV2-PP-Y-3-1	F03+R08	ACTTGA	TTAGGC
ROV2-PP-P-1-1	F04+R08	ACTTGA	TGACCA
ROV2-PP-P-2-1	F05+R08	ACTTGA	ACAGTG
ROV2-PP-P-3-1	F06+R08	ACTTGA	GCCAAT
ROV1-PET-Y-1-3	F01+R07	CAGATC	ATCACG
ROV1-PET-Y-2-3	F02+R07	CAGATC	CGATGT
ROV1-PET-Y-3-3	F03+R07	CAGATC	TTAGGC
ROV2-PET-Y-1-3	F04+R07	CAGATC	TGACCA
ROV2-PET-Y-2-3	F05+R07	CAGATC	ACAGTG
ROV2-PET-Y-3-3	F06+R07	CAGATC	GCCAAT
ROV1-PP-Y-1-3	F07+R07	CAGATC	CAGATC
ROV1-PP-Y-3-3	F08+R07	CAGATC	ACTTGA
ROV2-PP-Y-1-3	F01+R08	ACTTGA	ATCACG
ROV2-PP-Y-2-3	F02+R08	ACTTGA	CGATGT
ROV2-PP-Y-3-3	F03+R08	ACTTGA	TTAGGC
ROV2-PP-P-1-3	F04+R08	ACTTGA	TGACCA
ROV2-PP-P-2-3	F05+R08	ACTTGA	ACAGTG
ROV2-PP-P-3-3	F06+R08	ACTTGA	GCCAAT
ROV1-PET-Y-1-5	F01+R07	CAGATC	ATCACG
ROV1-PET-Y-2-5	F02+R07	CAGATC	CGATGT
ROV1-PET-Y-3-5	F03+R07	CAGATC	TTAGGC
ROV2-PET-Y-1-5	F04+R07	CAGATC	TGACCA
ROV2-PET-Y-2-5	F05+R07	CAGATC	ACAGTG
ROV2-PET-Y-3-5	F06+R07	CAGATC	GCCAAT
ROV1-PP-Y-1-5	F07+R07	CAGATC	CAGATC
ROV1-PP-Y-3-5	F08+R07	CAGATC	ACTTGA
ROV2-PP-Y-1-5	F01+R08	ACTTGA	ATCACG
ROV2-PP-Y-2-5	F02+R08	ACTTGA	CGATGT
ROV2-PP-Y-3-5	F03+R08	ACTTGA	TTAGGC
ROV2-PP-P-1-5	F04+R08	ACTTGA	TGACCA
ROV2-PP-P-2-5	F05+R08	ACTTGA	ACAGTG
ROV2-PP-P-3-5	F06+R08	ACTTGA	GCCAAT
ROV1-PET-Y-1-7	F01+R07	CAGATC	ATCACG
ROV1-PET-Y-2-7	F02+R07	CAGATC	CGATGT
ROV1-PET-Y-3-7	F03+R07	CAGATC	TTAGGC
ROV2-PET-Y-1-7	F04+R07	CAGATC	TGACCA
ROV2-PET-Y-2-7	F05+R07	CAGATC	ACAGTG
ROV2-PET-Y-3-7	F06+R07	CAGATC	GCCAAT
ROV1-PP-Y-1-7	F07+R07	CAGATC	CAGATC
ROV1-PP-Y-3-7	F08+R07	CAGATC	ACTTGA
ROV2-PP-Y-1-7	F01+R08	ACTTGA	ATCACG
ROV2-PP-Y-2-7	F02+R08	ACTTGA	CGATGT
ROV2-PP-Y-3-7	F03+R08	ACTTGA	TTAGGC
ROV2-PP-P-1-7	F04+R08	ACTTGA	TGACCA
ROV2-PP-P-2-7	F05+R08	ACTTGA	ACAGTG
ROV2-PP-P-3-7	F06+R08	ACTTGA	GCCAAT
